dt,x,y,position,velocity,acceleration,jerk,heading
0.020000,1.715709,4.957557,0.000002,0.000200,0.010000,0.500000,0.001292
0.020000,1.715708,4.957557,0.000003,0.000038,-0.008091,-0.904546,0.001290
0.020000,1.715706,4.957557,0.000004,0.000086,0.002386,0.523862,0.001284
0.020000,1.715703,4.957557,0.000008,0.000153,0.003341,0.047724,0.001273
0.020000,1.715698,4.957557,0.000012,0.000239,0.004295,0.047719,0.001256
0.020000,1.715692,4.957557,0.000019,0.000344,0.005249,0.047712,0.001232
0.020000,1.715682,4.957557,0.000029,0.000468,0.006203,0.047701,0.001200
0.020000,1.715670,4.957557,0.000041,0.000611,0.007157,0.047687,0.001157
0.020000,1.715654,4.957557,0.000056,0.000773,0.008111,0.047667,0.001103
0.020000,1.715635,4.957557,0.000075,0.000954,0.009063,0.047642,0.001036
0.020000,1.715612,4.957557,0.000098,0.001155,0.010016,0.047610,0.000955
0.020000,1.715585,4.957557,0.000126,0.001374,0.010967,0.047572,0.000859
0.020000,1.715553,4.957557,0.000158,0.001612,0.011918,0.047526,0.000746
0.020000,1.715515,4.957557,0.000196,0.001870,0.012867,0.047471,0.000615
0.020000,1.715472,4.957557,0.000238,0.002146,0.013815,0.047408,0.000465
0.020000,1.715423,4.957557,0.000287,0.002441,0.014762,0.047334,0.000294
0.020000,1.715368,4.957557,0.000342,0.002755,0.015707,0.047250,0.000101
0.020000,1.715651,4.957557,0.000625,0.014118,0.568120,27.620635,6.283071
0.020000,1.716304,4.957557,0.001278,0.032663,0.927249,17.956497,6.282830
0.020000,1.717028,4.957556,0.002002,0.036190,0.176371,-37.543913,6.282563
0.020000,1.717826,4.957556,0.002800,0.039898,0.185400,0.451417,6.282269
0.020000,1.718701,4.957555,0.003675,0.043787,0.194425,0.451255,6.281946
0.020000,1.719659,4.957553,0.004633,0.047867,0.204038,0.480664,6.281594
0.020000,1.720701,4.957551,0.005675,0.052120,0.212629,0.429556,6.281210
0.020000,1.721832,4.957549,0.006806,0.056551,0.221542,0.445651,6.280794
0.020000,1.723056,4.957546,0.008030,0.061172,0.231064,0.476112,6.280344
0.020000,1.724375,4.957542,0.009349,0.065972,0.240002,0.446875,6.279859
0.020000,1.725794,4.957537,0.010768,0.070945,0.248635,0.431682,6.279338
0.020000,1.727316,4.957530,0.012290,0.076118,0.258683,0.502403,6.278779
0.020000,1.728945,4.957523,0.013919,0.081453,0.266747,0.403151,6.278181
0.020000,1.730685,4.957513,0.015659,0.086986,0.276643,0.494809,6.277543
0.020000,1.732539,4.957502,0.017513,0.092687,0.285053,0.420521,6.276863
0.020000,1.734510,4.957489,0.019485,0.098586,0.294912,0.492923,6.276141
0.020000,1.736603,4.957474,0.021578,0.104650,0.303202,0.414518,6.275375
0.020000,1.738822,4.957455,0.023796,0.110913,0.313156,0.497724,6.274563
0.020000,1.741168,4.957434,0.026143,0.117348,0.321743,0.429321,6.273706
0.020000,1.743648,4.957409,0.028622,0.123964,0.330804,0.453078,6.272801
0.020000,1.746263,4.957381,0.031238,0.130773,0.340444,0.481979,6.271847
0.020000,1.749018,4.957348,0.033993,0.137760,0.349365,0.446076,6.270843
0.020000,1.751916,4.957311,0.036891,0.144928,0.358397,0.451571,6.269788
0.020000,1.754961,4.957269,0.039937,0.152280,0.367627,0.461504,6.268681
0.020000,1.758157,4.957220,0.043133,0.159817,0.376856,0.461453,6.267520
0.020000,1.761508,4.957166,0.046484,0.167539,0.386084,0.461406,6.266305
0.020000,1.765016,4.957104,0.049993,0.175445,0.395312,0.461367,6.265035
0.020000,1.768686,4.957035,0.053664,0.183536,0.404538,0.461340,6.263707
0.020000,1.772522,4.956958,0.057500,0.191811,0.413765,0.461330,6.262322
0.020000,1.776526,4.956872,0.061505,0.200271,0.422992,0.461340,6.260878
0.020000,1.780703,4.956775,0.065684,0.208916,0.432219,0.461377,6.259375
0.020000,1.785057,4.956668,0.070039,0.217745,0.441448,0.461445,6.257810
0.020000,1.789591,4.956549,0.074574,0.226768,0.451164,0.485797,6.256184
0.020000,1.794305,4.956418,0.079290,0.235790,0.451106,-0.002889,6.254496
0.020000,1.799195,4.956273,0.084182,0.244631,0.442030,-0.453803,6.252749
0.020000,1.804259,4.956115,0.089249,0.253311,0.434006,-0.401218,6.250944
0.020000,1.809492,4.955941,0.094484,0.261798,0.424341,-0.483230,6.249082
0.020000,1.814891,4.955752,0.099887,0.270124,0.416330,-0.400585,6.247166
0.020000,1.820453,4.955546,0.105452,0.278260,0.406813,-0.475833,6.245197
0.020000,1.826173,4.955323,0.111177,0.286235,0.398752,-0.403064,6.243176
0.020000,1.832049,4.955081,0.117057,0.294026,0.389521,-0.461510,6.241106
0.020000,1.838076,4.954821,0.123090,0.301640,0.380718,-0.440180,6.238988
0.020000,1.844251,4.954541,0.129272,0.309085,0.372238,-0.423970,6.236825
0.020000,1.850571,4.954241,0.135599,0.316354,0.363461,-0.438888,6.234617
0.020000,1.857032,4.953920,0.142068,0.323445,0.354525,-0.446804,6.232366
0.020000,1.863630,4.953577,0.148675,0.330361,0.345804,-0.436019,6.230074
0.020000,1.870362,4.953211,0.155417,0.337102,0.337073,-0.436544,6.227744
0.020000,1.877225,4.952822,0.162291,0.343669,0.328333,-0.437022,6.225376
0.020000,1.884214,4.952409,0.169292,0.350061,0.319584,-0.437459,6.222973
0.020000,1.891326,4.951971,0.176417,0.356277,0.310827,-0.437860,6.220535
0.020000,1.898557,4.951509,0.183664,0.362318,0.302062,-0.438231,6.218066
0.020000,1.905905,4.951020,0.191027,0.368184,0.293290,-0.438577,6.215566
0.020000,1.913365,4.950506,0.198505,0.373874,0.284512,-0.438902,6.213038
0.020000,1.920933,4.949964,0.206093,0.379389,0.275728,-0.439213,6.210482
0.020000,1.928607,4.949395,0.213787,0.384731,0.267125,-0.430128,6.207902
0.020000,1.936382,4.948799,0.221585,0.389898,0.258301,-0.441230,6.205298
0.020000,1.944255,4.948174,0.229483,0.394885,0.249367,-0.446690,6.202672
0.020000,1.952222,4.947520,0.237477,0.399696,0.240555,-0.440589,6.200027
0.020000,1.960280,4.946838,0.245564,0.404337,0.232067,-0.424429,6.197362
0.020000,1.968425,4.946126,0.253739,0.408798,0.223044,-0.451160,6.194682
0.020000,1.976653,4.945385,0.262001,0.413080,0.214096,-0.447365,6.191986
0.020000,1.984961,4.944614,0.270345,0.417194,0.205699,-0.419875,6.189276
0.020000,1.993345,4.943813,0.278767,0.421124,0.196476,-0.461129,6.186556
0.020000,2.001802,4.942981,0.287265,0.424880,0.187797,-0.433973,6.183824
0.020000,2.010328,4.942119,0.295834,0.428459,0.178987,-0.440460,6.181085
0.020000,2.018919,4.941227,0.304471,0.431859,0.169965,-0.451142,6.178338
0.020000,2.027572,4.940305,0.313173,0.435085,0.161329,-0.431790,6.175587
0.020000,2.036282,4.939352,0.321936,0.438129,0.152174,-0.457750,6.172831
0.020000,2.045047,4.938368,0.330756,0.440999,0.143524,-0.432488,6.170073
0.020000,2.053863,4.937354,0.339629,0.443687,0.134398,-0.456312,6.167315
0.020000,2.062726,4.936311,0.348553,0.446199,0.125593,-0.440223,6.164557
0.020000,2.071632,4.935237,0.357524,0.448531,0.116612,-0.449045,6.161802
0.020000,2.080577,4.934133,0.366538,0.450682,0.107554,-0.452939,6.159050
0.020000,2.089559,4.933000,0.375591,0.452658,0.098796,-0.437888,6.156303
0.020000,2.098574,4.931837,0.384680,0.454448,0.089509,-0.464367,6.153563
0.020000,2.107617,4.930646,0.393801,0.456063,0.080749,-0.437957,6.150831
0.020000,2.116685,4.929426,0.402951,0.457494,0.071555,-0.459715,6.148108
0.020000,2.125775,4.928178,0.412126,0.458744,0.062463,-0.454586,6.145395
0.020000,2.134882,4.926902,0.421322,0.459816,0.053606,-0.442846,6.142695
0.020000,2.144004,4.925600,0.430536,0.460701,0.044262,-0.467232,6.140007
0.020000,2.153136,4.924271,0.439764,0.461406,0.035259,-0.450155,6.137334
0.020000,2.162274,4.922916,0.449003,0.461930,0.026165,-0.454684,6.134676
0.020000,2.171416,4.921536,0.458248,0.462267,0.016864,-0.465054,6.132035
0.020000,2.180559,4.920131,0.467499,0.462516,0.012457,-0.220354,6.129412
0.020000,2.189703,4.918702,0.476754,0.462765,0.012456,-0.000027,6.126806
0.020000,2.198849,4.917248,0.486014,0.463014,0.012446,-0.000533,6.124217
0.020000,2.207995,4.915769,0.495279,0.463267,0.012673,0.011377,6.121646
0.020000,2.217143,4.914266,0.504550,0.463519,0.012593,-0.004015,6.119093
0.020000,2.226292,4.912740,0.513825,0.463772,0.012639,0.002299,6.116557
0.020000,2.235442,4.911189,0.523106,0.464029,0.012842,0.010176,6.114039
0.020000,2.244593,4.909614,0.532392,0.464284,0.012737,-0.005283,6.111540
0.020000,2.253746,4.908016,0.541682,0.464540,0.012834,0.004840,6.109058
0.020000,2.262899,4.906394,0.550978,0.464799,0.012951,0.005847,6.106594
0.020000,2.272053,4.904749,0.560279,0.465057,0.012895,-0.002792,6.104148
0.020000,2.281209,4.903080,0.569586,0.465317,0.013002,0.005380,6.101721
0.020000,2.290366,4.901389,0.578897,0.465578,0.013056,0.002673,6.099312
0.020000,2.299523,4.899674,0.588214,0.465839,0.013038,-0.000911,6.096921
0.020000,2.308682,4.897937,0.597536,0.466102,0.013147,0.005481,6.094548
0.020000,2.317842,4.896177,0.606864,0.466365,0.013157,0.000499,6.092194
0.020000,2.327003,4.894395,0.616196,0.466629,0.013166,0.000441,6.089858
0.020000,2.336164,4.892590,0.625534,0.466894,0.013270,0.005208,6.087541
0.020000,2.345327,4.890764,0.634877,0.467159,0.013254,-0.000811,6.085243
0.020000,2.354491,4.888915,0.644226,0.467425,0.013281,0.001334,6.082963
0.020000,2.363656,4.887044,0.653579,0.467692,0.013373,0.004620,6.080702
0.020000,2.372822,4.885151,0.662939,0.467959,0.013346,-0.001372,6.078459
0.020000,2.381989,4.883237,0.672303,0.468227,0.013389,0.002158,6.076235
0.020000,2.391157,4.881302,0.681673,0.468496,0.013444,0.002770,6.074030
0.020000,2.400325,4.879345,0.691048,0.468764,0.013438,-0.000291,6.071844
0.020000,2.409495,4.877368,0.700429,0.469034,0.013479,0.002028,6.069677
0.020000,2.418666,4.875369,0.709815,0.469304,0.013509,0.001525,6.067528
0.020000,2.427838,4.873349,0.719207,0.469575,0.013520,0.000521,6.065399
0.020000,2.437011,4.871309,0.728604,0.469846,0.013552,0.001598,6.063288
0.020000,2.446184,4.869249,0.738006,0.470117,0.013570,0.000913,6.061197
0.020000,2.455359,4.867168,0.747414,0.470389,0.013590,0.000997,6.059124
0.020000,2.464535,4.865067,0.756827,0.470661,0.013609,0.000941,6.057071
0.020000,2.473712,4.862946,0.766246,0.470934,0.013626,0.000863,6.055036
0.020000,2.482889,4.860805,0.775670,0.471207,0.013649,0.001173,6.053021
0.020000,2.492068,4.858645,0.785099,0.471480,0.013651,0.000085,6.051025
0.020000,2.501248,4.856465,0.794534,0.471753,0.013677,0.001310,6.049048
0.020000,2.510429,4.854266,0.803975,0.472027,0.013699,0.001064,6.047090
0.020000,2.519611,4.852047,0.813421,0.472301,0.013681,-0.000881,6.045151
0.020000,2.528794,4.849810,0.822872,0.472575,0.013724,0.002138,6.043232
0.020000,2.537977,4.847554,0.832329,0.472850,0.013731,0.000375,6.041331
0.020000,2.547162,4.845279,0.841792,0.473124,0.013713,-0.000906,6.039450
0.020000,2.556348,4.842985,0.851260,0.473399,0.013759,0.002270,6.037589
0.020000,2.565535,4.840673,0.860733,0.473674,0.013751,-0.000359,6.035746
0.020000,2.574724,4.838343,0.870212,0.473949,0.013742,-0.000465,6.033923
0.020000,2.583913,4.835995,0.879697,0.474225,0.013785,0.002152,6.032119
0.020000,2.593103,4.833629,0.889187,0.474500,0.013760,-0.001256,6.030334
0.020000,2.602295,4.831246,0.898682,0.474775,0.013768,0.000396,6.028568
0.020000,2.611487,4.828845,0.908183,0.475051,0.013804,0.001811,6.026822
0.020000,2.620681,4.826426,0.917690,0.475327,0.013758,-0.002294,6.025095
0.020000,2.629876,4.823991,0.927202,0.475602,0.013791,0.001630,6.023388
0.020000,2.639072,4.821538,0.936720,0.475879,0.013816,0.001269,6.021699
0.020000,2.648269,4.819068,0.946243,0.476154,0.013747,-0.003452,6.020030
0.020000,2.657468,4.816582,0.955771,0.476430,0.013811,0.003192,6.018381
0.020000,2.666668,4.814079,0.965305,0.476706,0.013814,0.000169,6.016750
0.020000,2.675869,4.811560,0.974845,0.476981,0.013743,-0.003571,6.015139
0.020000,2.685071,4.809025,0.984390,0.477258,0.013821,0.003902,6.013547
0.020000,2.694274,4.806473,0.993941,0.477533,0.013796,-0.001243,6.011975
0.020000,2.703479,4.803906,1.003497,0.477808,0.013753,-0.002163,6.010422
0.020000,2.712686,4.801323,1.013059,0.478085,0.013818,0.003245,6.008888
0.020000,2.721893,4.798725,1.022626,0.478360,0.013770,-0.002376,6.007373
0.020000,2.731102,4.796111,1.032199,0.478635,0.013761,-0.000447,6.005878
0.020000,2.740312,4.793482,1.041777,0.478912,0.013810,0.002423,6.004402
0.020000,2.749524,4.790838,1.051361,0.479186,0.013738,-0.003598,6.002945
0.020000,2.758737,4.788179,1.060950,0.479462,0.013768,0.001527,6.001508
0.020000,2.767952,4.785505,1.070545,0.479738,0.013798,0.001457,6.000090
0.020000,2.777168,4.782817,1.080145,0.480012,0.013700,-0.004887,5.998691
0.020000,2.786386,4.780115,1.089751,0.480287,0.013774,0.003715,5.997311
0.020000,2.795606,4.777398,1.099362,0.480563,0.013772,-0.000127,5.995950
0.020000,2.804826,4.774668,1.108978,0.480836,0.013677,-0.004726,5.994609
0.020000,2.814049,4.771923,1.118601,0.481112,0.013768,0.004571,5.993287
0.020000,2.823273,4.769165,1.128228,0.481386,0.013728,-0.002006,5.991984
0.020000,2.832499,4.766393,1.137862,0.481660,0.013679,-0.002491,5.990701
0.020000,2.841727,4.763608,1.147500,0.481935,0.013748,0.003449,5.989436
0.020000,2.850956,4.760810,1.157144,0.482208,0.013681,-0.003313,5.988191
0.020000,2.860187,4.757999,1.166794,0.482482,0.013679,-0.000093,5.986965
0.020000,2.869420,4.755175,1.176449,0.482756,0.013724,0.002233,5.985758
0.020000,2.878655,4.752338,1.186110,0.483029,0.013631,-0.004640,5.984570
0.020000,2.887891,4.749489,1.195776,0.483303,0.013680,0.002417,5.983401
0.020000,2.897130,4.746628,1.205447,0.483577,0.013699,0.000948,5.982252
0.020000,2.906370,4.743754,1.215124,0.483848,0.013579,-0.005965,5.981121
0.020000,2.915613,4.740869,1.224807,0.484122,0.013679,0.004987,5.980010
0.020000,2.924857,4.737971,1.234495,0.484395,0.013647,-0.001606,5.978918
0.020000,2.934104,4.735062,1.244188,0.484666,0.013575,-0.003584,5.977845
0.020000,2.943352,4.732142,1.253887,0.484939,0.013653,0.003886,5.976791
0.020000,2.952603,4.729210,1.263591,0.485211,0.013592,-0.003033,5.975755
0.020000,2.961856,4.726267,1.273301,0.485483,0.013574,-0.000896,5.974739
0.020000,2.971111,4.723313,1.283016,0.485755,0.013624,0.002486,5.973742
0.020000,2.980368,4.720348,1.292736,0.486026,0.013537,-0.004335,5.972764
0.020000,2.989628,4.717373,1.302462,0.486297,0.013573,0.001777,5.971805
0.020000,2.998890,4.714387,1.312194,0.486569,0.013595,0.001082,5.970865
0.020000,3.008154,4.711391,1.321930,0.486839,0.013483,-0.005573,5.969944
0.020000,3.017421,4.708385,1.331673,0.487110,0.013571,0.004380,5.969042
0.020000,3.026691,4.705369,1.341420,0.487381,0.013543,-0.001385,5.968159
0.020000,3.035962,4.702343,1.351173,0.487651,0.013474,-0.003465,5.967294
0.020000,3.045237,4.699307,1.360932,0.487921,0.013546,0.003603,5.966449
0.020000,3.054513,4.696262,1.370696,0.488191,0.013488,-0.002883,5.965622
0.020000,3.063793,4.693208,1.380465,0.488461,0.013473,-0.000743,5.964815
0.020000,3.073075,4.690145,1.390239,0.488731,0.013516,0.002149,5.964026
0.020000,3.082360,4.687073,1.400019,0.489000,0.013435,-0.004040,5.963256
0.020000,3.091648,4.683992,1.409805,0.489269,0.013472,0.001823,5.962505
0.020000,3.100938,4.680902,1.419595,0.489539,0.013487,0.000763,5.961773
0.020000,3.110232,4.677804,1.429392,0.489807,0.013386,-0.005070,5.961059
0.020000,3.119528,4.674698,1.439193,0.490076,0.013469,0.004181,5.960365
0.020000,3.128827,4.671583,1.449000,0.490345,0.013435,-0.001710,5.959689
0.020000,3.138129,4.668461,1.458812,0.490612,0.013387,-0.002406,5.959032
0.020000,3.147435,4.665331,1.468630,0.490881,0.013442,0.002740,5.958394
0.020000,3.156743,4.662194,1.478453,0.491149,0.013387,-0.002748,5.957774
0.020000,3.166055,4.659049,1.488281,0.491417,0.013387,0.000023,5.957173
0.020000,3.175370,4.655897,1.498115,0.491685,0.013415,0.001400,5.956591
0.020000,3.184688,4.652737,1.507954,0.491952,0.013343,-0.003618,5.956028
0.020000,3.194009,4.649571,1.517798,0.492220,0.013386,0.002160,5.955484
0.020000,3.203334,4.646399,1.527648,0.492487,0.013383,-0.000175,5.954958
0.020000,3.212662,4.643219,1.537503,0.492754,0.013319,-0.003181,5.954451
0.020000,3.221994,4.640034,1.547364,0.493021,0.013376,0.002841,5.953962
0.020000,3.231329,4.636842,1.557229,0.493288,0.013341,-0.001729,5.953492
0.020000,3.240667,4.633644,1.567100,0.493554,0.013321,-0.001003,5.953041
0.020000,3.250010,4.630440,1.576977,0.493822,0.013353,0.001609,5.952609
0.020000,3.259356,4.627231,1.586859,0.494088,0.013306,-0.002393,5.952195
0.020000,3.268706,4.624016,1.596746,0.494354,0.013322,0.000804,5.951800
0.020000,3.278059,4.620795,1.606638,0.494621,0.013333,0.000555,5.951423
0.020000,3.287417,4.617570,1.616536,0.494886,0.013276,-0.002840,5.951065
0.020000,3.296778,4.614339,1.626439,0.495153,0.013320,0.002205,5.950726
0.020000,3.306143,4.611104,1.636347,0.495419,0.013302,-0.000882,5.950405
0.020000,3.315513,4.607864,1.646261,0.495684,0.013276,-0.001313,5.950103
0.020000,3.324886,4.604620,1.656180,0.495950,0.013305,0.001425,5.949820
0.020000,3.334263,4.601371,1.666104,0.496216,0.013277,-0.001394,5.949555
0.020000,3.343645,4.598118,1.676034,0.496481,0.013278,0.000062,5.949309
0.020000,3.353031,4.594861,1.685969,0.496747,0.013289,0.000574,5.949081
0.020000,3.362421,4.591601,1.695909,0.497012,0.013258,-0.001572,5.948872
0.020000,3.371816,4.588336,1.705855,0.497278,0.013278,0.000976,5.948681
0.020000,3.381215,4.585069,1.715806,0.497543,0.013273,-0.000219,5.948510
0.020000,3.390619,4.581798,1.725762,0.497808,0.013253,-0.000992,5.948356
0.020000,3.400027,4.578524,1.735723,0.498074,0.013271,0.000900,5.948221
0.020000,3.409439,4.575247,1.745690,0.498339,0.013259,-0.000615,5.948105
0.020000,3.418857,4.571967,1.755662,0.498604,0.013256,-0.000130,5.948007
0.020000,3.428279,4.568684,1.765639,0.498869,0.013262,0.000297,5.947928
0.020000,3.437705,4.565400,1.775622,0.499134,0.013252,-0.000502,5.947868
0.020000,3.447137,4.562113,1.785610,0.499400,0.013257,0.000235,5.947826
0.020000,3.456574,4.558824,1.795603,0.499665,0.013256,-0.000063,5.947802
0.020000,3.466015,4.555533,1.805602,0.499930,0.013253,-0.000123,5.947797
0.020000,3.475462,4.552240,1.815606,0.500195,0.013255,0.000084,5.947811
0.020000,3.484913,4.548946,1.825615,0.500460,0.013254,-0.000055,5.947843
0.020000,3.494370,4.545651,1.835630,0.500725,0.013257,0.000176,5.947894
0.020000,3.503832,4.542354,1.845649,0.500990,0.013253,-0.000240,5.947963
0.020000,3.513299,4.539056,1.855675,0.501255,0.013260,0.000351,5.948051
0.020000,3.522772,4.535758,1.865705,0.501521,0.013259,-0.000035,5.948157
0.020000,3.532250,4.532459,1.875741,0.501786,0.013253,-0.000310,5.948282
0.020000,3.541733,4.529159,1.885782,0.502051,0.013273,0.001008,5.948426
0.020000,3.551222,4.525859,1.895828,0.502316,0.013258,-0.000752,5.948588
0.020000,3.560716,4.522559,1.905880,0.502581,0.013262,0.000193,5.948769
0.020000,3.570217,4.519259,1.915937,0.502847,0.013281,0.000961,5.948968
0.020000,3.579722,4.515960,1.925999,0.503112,0.013261,-0.001017,5.949186
0.020000,3.589234,4.512660,1.936066,0.503378,0.013280,0.000952,5.949422
0.020000,3.598751,4.509362,1.946139,0.503644,0.013283,0.000184,5.949677
0.020000,3.608275,4.506064,1.956217,0.503909,0.013267,-0.000799,5.949951
0.020000,3.617804,4.502767,1.966301,0.504175,0.013305,0.001870,5.950243
0.020000,3.627339,4.499471,1.976390,0.504441,0.013283,-0.001077,5.950554
0.020000,3.636881,4.496177,1.986484,0.504706,0.013282,-0.000078,5.950883
0.020000,3.646428,4.492884,1.996583,0.504973,0.013326,0.002240,5.951231
0.020000,3.655982,4.489592,2.006688,0.505239,0.013286,-0.002029,5.951598
0.020000,3.665542,4.486303,2.016798,0.505505,0.013311,0.001248,5.951983
0.020000,3.675108,4.483015,2.026914,0.505771,0.013330,0.000943,5.952387
0.020000,3.684681,4.479730,2.037034,0.506037,0.013299,-0.001542,5.952810
0.020000,3.694260,4.476447,2.047160,0.506304,0.013346,0.002383,5.953251
0.020000,3.703846,4.473167,2.057292,0.506571,0.013331,-0.000795,5.953711
0.020000,3.713438,4.469890,2.067429,0.506837,0.013314,-0.000829,5.954189
0.020000,3.723037,4.466615,2.077571,0.507105,0.013388,0.003710,5.954687
0.020000,3.732643,4.463344,2.087718,0.507371,0.013329,-0.002941,5.955203
0.020000,3.742255,4.460076,2.097871,0.507638,0.013351,0.001060,5.955737
0.020000,3.751874,4.456812,2.108029,0.507906,0.013397,0.002315,5.956291
0.020000,3.761501,4.453551,2.118192,0.508173,0.013346,-0.002564,5.956863
0.020000,3.771134,4.450294,2.128361,0.508441,0.013395,0.002469,5.957454
0.020000,3.780774,4.447041,2.138535,0.508709,0.013399,0.000194,5.958063
0.020000,3.790421,4.443792,2.148715,0.508977,0.013366,-0.001644,5.958691
0.020000,3.800076,4.440548,2.158900,0.509245,0.013444,0.003915,5.959338
0.020000,3.809737,4.437309,2.169090,0.509513,0.013399,-0.002264,5.960004
0.020000,3.819406,4.434074,2.179286,0.509781,0.013396,-0.000172,5.960689
0.020000,3.829082,4.430844,2.189487,0.510051,0.013483,0.004365,5.961392
0.020000,3.838766,4.427620,2.199693,0.510319,0.013405,-0.003890,5.962115
0.020000,3.848457,4.424401,2.209905,0.510588,0.013446,0.002064,5.962856
0.020000,3.858156,4.421187,2.220122,0.510858,0.013486,0.001967,5.963616
0.020000,3.867862,4.417980,2.230345,0.511126,0.013429,-0.002812,5.964394
0.020000,3.877576,4.414778,2.240573,0.511396,0.013501,0.003559,5.965192
0.020000,3.887297,4.411582,2.250806,0.511666,0.013487,-0.000686,5.966009
0.020000,3.897027,4.408393,2.261045,0.511935,0.013455,-0.001595,5.966844
0.020000,3.906764,4.405210,2.271289,0.512206,0.013558,0.005134,5.967698
0.020000,3.916509,4.402034,2.281538,0.512476,0.013487,-0.003544,5.968571
0.020000,3.926262,4.398865,2.291793,0.512746,0.013496,0.000476,5.969464
0.020000,3.936023,4.395703,2.302054,0.513018,0.013587,0.004538,5.970375
0.020000,3.945792,4.392549,2.312319,0.513288,0.013500,-0.004331,5.971305
0.020000,3.955569,4.389402,2.322590,0.513559,0.013553,0.002616,5.972254
0.020000,3.965355,4.386262,2.332867,0.513831,0.013589,0.001795,5.973222
0.020000,3.975148,4.383131,2.343149,0.514101,0.013528,-0.003044,5.974209
0.020000,3.984950,4.380008,2.353437,0.514373,0.013610,0.004128,5.975215
0.020000,3.994760,4.376893,2.363729,0.514645,0.013589,-0.001065,5.976240
0.020000,4.004579,4.373786,2.374028,0.514916,0.013555,-0.001687,5.977284
0.020000,4.014406,4.370688,2.384332,0.515190,0.013668,0.005641,5.978347
0.020000,4.024242,4.367599,2.394641,0.515461,0.013588,-0.003984,5.979429
0.020000,4.034086,4.364520,2.404955,0.515733,0.013597,0.000407,5.980530
0.020000,4.043938,4.361449,2.415276,0.516007,0.013698,0.005044,5.981651
0.020000,4.053800,4.358388,2.425601,0.516279,0.013601,-0.004824,5.982790
0.020000,4.063670,4.355337,2.435932,0.516552,0.013652,0.002534,5.983949
0.020000,4.073549,4.352296,2.446269,0.516826,0.013697,0.002250,5.985126
0.020000,4.083437,4.349264,2.456611,0.517099,0.013627,-0.003471,5.986323
0.020000,4.093334,4.346244,2.466958,0.517373,0.013705,0.003896,5.987539
0.020000,4.103239,4.343233,2.477311,0.517647,0.013695,-0.000522,5.988774
0.020000,4.113154,4.340234,2.487670,0.517920,0.013652,-0.002115,5.990028
0.020000,4.123077,4.337245,2.498033,0.518195,0.013756,0.005184,5.991302
0.020000,4.133010,4.334268,2.508403,0.518469,0.013692,-0.003216,5.992594
0.020000,4.142952,4.331302,2.518778,0.518742,0.013678,-0.000667,5.993906
0.020000,4.152903,4.328347,2.529158,0.519018,0.013799,0.006018,5.995237
0.020000,4.162863,4.325404,2.539544,0.519292,0.013690,-0.005424,5.996588
0.020000,4.172833,4.322474,2.549935,0.519567,0.013725,0.001724,5.997957
0.020000,4.182811,4.319555,2.560332,0.519842,0.013793,0.003385,5.999346
0.020000,4.192800,4.316649,2.570734,0.520117,0.013710,-0.004106,6.000754
0.020000,4.202797,4.313756,2.581142,0.520392,0.013767,0.002820,6.002181
0.020000,4.212804,4.310875,2.591556,0.520668,0.013785,0.000892,6.003628
0.020000,4.222821,4.308007,2.601974,0.520942,0.013728,-0.002843,6.005094
0.020000,4.232847,4.305153,2.612399,0.521218,0.013803,0.003779,6.006579
0.020000,4.242882,4.302312,2.622829,0.521494,0.013775,-0.001407,6.008083
0.020000,4.252927,4.299485,2.633264,0.521769,0.013742,-0.001661,6.009607
0.020000,4.262982,4.296672,2.643705,0.522045,0.013833,0.004573,6.011150
0.020000,4.273047,4.293873,2.654151,0.522321,0.013764,-0.003458,6.012712
0.020000,4.283121,4.291088,2.664603,0.522596,0.013756,-0.000399,6.014293
0.020000,4.293205,4.288318,2.675061,0.522873,0.013849,0.004612,6.015894
0.020000,4.303298,4.285563,2.685524,0.523148,0.013756,-0.004647,6.017514
0.020000,4.313402,4.282823,2.695992,0.523423,0.013780,0.001204,6.019154
0.020000,4.323515,4.280098,2.706466,0.523700,0.013829,0.002443,6.020813
0.020000,4.333638,4.277388,2.716946,0.523975,0.013759,-0.003495,6.022491
0.020000,4.343771,4.274694,2.727431,0.524251,0.013795,0.001808,6.024188
0.020000,4.353914,4.272016,2.737921,0.524527,0.013806,0.000555,6.025905
0.020000,4.364067,4.269354,2.748417,0.524802,0.013757,-0.002466,6.027641
0.020000,4.374230,4.266708,2.758919,0.525078,0.013801,0.002199,6.029396
0.020000,4.384403,4.264079,2.769426,0.525354,0.013781,-0.001001,6.031171
0.020000,4.394586,4.261467,2.779938,0.525629,0.013749,-0.001583,6.032964
0.020000,4.404778,4.258872,2.790457,0.525905,0.013796,0.002348,6.034778
0.020000,4.414981,4.256294,2.800980,0.526180,0.013752,-0.002172,6.036610
0.020000,4.425194,4.253733,2.811509,0.526455,0.013735,-0.000874,6.038462
0.020000,4.435417,4.251190,2.822044,0.526730,0.013779,0.002227,6.040332
0.020000,4.445651,4.248666,2.832584,0.527005,0.013721,-0.002904,6.042223
0.020000,4.455894,4.246159,2.843130,0.527279,0.013719,-0.000103,6.044132
0.020000,4.466147,4.243670,2.853681,0.527554,0.013740,0.001025,6.046060
0.020000,4.476411,4.241200,2.864237,0.527828,0.013693,-0.002360,6.048008
0.020000,4.486685,4.238749,2.874799,0.528102,0.013694,0.000069,6.049975
0.020000,4.496968,4.236317,2.885367,0.528375,0.013691,-0.000174,6.051961
0.020000,4.507262,4.233905,2.895940,0.528649,0.013659,-0.001592,6.053966
0.020000,4.517567,4.231512,2.906518,0.528922,0.013655,-0.000180,6.055990
0.020000,4.527881,4.229138,2.917102,0.529194,0.013637,-0.000907,6.058034
0.020000,4.538205,4.226785,2.927691,0.529467,0.013616,-0.001034,6.060096
0.020000,4.548540,4.224451,2.938286,0.529739,0.013601,-0.000751,6.062178
0.020000,4.558885,4.222138,2.948886,0.530010,0.013579,-0.001109,6.064278
0.020000,4.569240,4.219846,2.959492,0.530282,0.013565,-0.000717,6.066398
0.020000,4.579605,4.217575,2.970103,0.530552,0.013531,-0.001683,6.068536
0.020000,4.589980,4.215325,2.980719,0.530823,0.013517,-0.000705,6.070693
0.020000,4.600366,4.213096,2.991341,0.531093,0.013503,-0.000675,6.072869
0.020000,4.610761,4.210889,3.001969,0.531361,0.013443,-0.003018,6.075065
0.020000,4.621167,4.208703,3.012601,0.531630,0.013451,0.000386,6.077278
0.020000,4.631582,4.206540,3.023239,0.531899,0.013423,-0.001373,6.079511
0.020000,4.642008,4.204399,3.033882,0.532166,0.013353,-0.003532,6.081762
0.020000,4.652444,4.202280,3.044531,0.532433,0.013372,0.000986,6.084032
0.020000,4.662890,4.200184,3.055185,0.532700,0.013323,-0.002450,6.086321
0.020000,4.673346,4.198112,3.065844,0.532965,0.013259,-0.003218,6.088628
0.020000,4.683811,4.196062,3.076509,0.533231,0.013282,0.001139,6.090954
0.020000,4.694287,4.194036,3.087179,0.533495,0.013203,-0.003955,6.093299
0.020000,4.704773,4.192033,3.097854,0.533758,0.013161,-0.002093,6.095661
0.020000,4.715268,4.190054,3.108535,0.534022,0.013179,0.000923,6.098043
0.020000,4.725774,4.188100,3.119220,0.534283,0.013059,-0.005998,6.100442
0.020000,4.736289,4.186170,3.129911,0.534544,0.013059,-0.000023,6.102860
0.020000,4.746814,4.184264,3.140607,0.534805,0.013064,0.000275,6.105296
0.020000,4.757349,4.182384,3.151308,0.535063,0.012891,-0.008659,6.107750
0.020000,4.767893,4.180528,3.162015,0.535322,0.012954,0.003146,6.110222
0.020000,4.778447,4.178698,3.172726,0.535581,0.012925,-0.001464,6.112713
0.020000,4.789011,4.176893,3.183443,0.535835,0.012719,-0.010277,6.115221
0.020000,4.799584,4.175114,3.194165,0.536092,0.012836,0.005838,6.117747
0.020000,4.810167,4.173361,3.204892,0.536347,0.012739,-0.004855,6.120291
0.020000,4.820759,4.171634,3.215624,0.536598,0.012584,-0.007775,6.122853
0.020000,4.831360,4.169933,3.226361,0.536852,0.012685,0.005080,6.125432
0.020000,4.841971,4.168259,3.237103,0.537102,0.012523,-0.008089,6.128029
0.020000,4.852591,4.166612,3.247850,0.537351,0.012447,-0.003812,6.130643
0.020000,4.863220,4.164993,3.258602,0.537602,0.012520,0.003646,6.133275
0.020000,4.873857,4.163400,3.269357,0.537755,0.007661,-0.242940,6.135923
0.020000,4.884497,4.161837,3.280111,0.537709,-0.002305,-0.498311,6.138588
0.020000,4.895136,4.160302,3.290860,0.537448,-0.013064,-0.537947,6.141267
0.020000,4.905769,4.158797,3.301600,0.536963,-0.024232,-0.558395,6.143959
0.020000,4.916393,4.157323,3.312325,0.536266,-0.034848,-0.530819,6.146663
0.020000,4.927002,4.155880,3.323032,0.535349,-0.045831,-0.549129,6.149378
0.020000,4.937593,4.154469,3.333716,0.534211,-0.056927,-0.554813,6.152103
0.020000,4.948160,4.153091,3.344373,0.532859,-0.067609,-0.534115,6.154836
0.020000,4.958700,4.151745,3.354999,0.531281,-0.078875,-0.563265,6.157575
0.020000,4.969208,4.150433,3.365589,0.529488,-0.089668,-0.539691,6.160320
0.020000,4.979680,4.149154,3.376138,0.527474,-0.100704,-0.551781,6.163069
0.020000,4.990111,4.147910,3.386643,0.525236,-0.111884,-0.558984,6.165820
0.020000,5.000496,4.146700,3.397098,0.522783,-0.122633,-0.537457,6.168573
0.020000,5.010832,4.145525,3.407500,0.520101,-0.134128,-0.574774,6.171325
0.020000,5.021113,4.144384,3.417845,0.517207,-0.144675,-0.527337,6.174075
0.020000,5.031335,4.143278,3.428126,0.514080,-0.156374,-0.584944,6.176821
0.020000,5.041493,4.142208,3.438341,0.510743,-0.166847,-0.523645,6.179563
0.020000,5.051584,4.141173,3.448485,0.507171,-0.178588,-0.587043,6.182298
0.020000,5.061602,4.140172,3.458552,0.503388,-0.189167,-0.528944,6.185025
0.020000,5.071542,4.139207,3.468540,0.499373,-0.200732,-0.578267,6.187742
0.020000,5.081401,4.138276,3.478443,0.495140,-0.211655,-0.546153,6.190447
0.020000,5.091174,4.137381,3.488256,0.490685,-0.222764,-0.555445,6.193140
0.020000,5.100856,4.136520,3.497976,0.485998,-0.234335,-0.578562,6.195818
0.020000,5.110442,4.135693,3.507598,0.481097,-0.245074,-0.536957,6.198479
0.020000,5.119929,4.134900,3.517118,0.475969,-0.256355,-0.564049,6.201123
0.020000,5.129310,4.134141,3.526530,0.470610,-0.267951,-0.579769,6.203747
0.020000,5.138582,4.133415,3.535830,0.465035,-0.278753,-0.540129,6.206349
0.020000,5.147741,4.132722,3.545015,0.459235,-0.290002,-0.562428,6.208928
0.020000,5.156781,4.132061,3.554079,0.453210,-0.301256,-0.562718,6.211483
0.020000,5.165698,4.131432,3.563018,0.446957,-0.312676,-0.571017,6.214011
0.020000,5.174487,4.130834,3.571828,0.440480,-0.323843,-0.558344,6.216510
0.020000,5.183144,4.130266,3.580504,0.433780,-0.334980,-0.556850,6.218980
0.020000,5.191665,4.129729,3.589041,0.426856,-0.346235,-0.562740,6.221417
0.020000,5.200043,4.129221,3.597435,0.419706,-0.357487,-0.562573,6.223822
0.020000,5.208276,4.128741,3.605682,0.412331,-0.368733,-0.562303,6.226191
0.020000,5.216358,4.128290,3.613776,0.404732,-0.379971,-0.561924,6.228523
0.020000,5.224285,4.127865,3.621714,0.396908,-0.391200,-0.561431,6.230816
0.020000,5.232052,4.127467,3.629492,0.388859,-0.402416,-0.560820,6.233069
0.020000,5.239654,4.127094,3.637103,0.380580,-0.413972,-0.577781,6.235280
0.020000,5.247088,4.126745,3.644545,0.372081,-0.424964,-0.549610,6.237447
0.020000,5.254348,4.126421,3.651812,0.363359,-0.436085,-0.556053,6.239568
0.020000,5.261429,4.126119,3.658900,0.354414,-0.447235,-0.557489,6.241642
0.020000,5.268328,4.125839,3.665805,0.345232,-0.459093,-0.592925,6.243666
0.020000,5.275040,4.125581,3.672522,0.335838,-0.469708,-0.530740,6.245640
0.020000,5.281560,4.125342,3.679046,0.326217,-0.481043,-0.566719,6.247561
0.020000,5.287884,4.125122,3.685373,0.316366,-0.492581,-0.576916,6.249428
0.020000,5.294006,4.124921,3.691499,0.306299,-0.503351,-0.538507,6.251239
0.020000,5.299923,4.124737,3.697419,0.296001,-0.514907,-0.577800,6.252992
0.020000,5.305631,4.124570,3.703129,0.285480,-0.526053,-0.557319,6.254686
0.020000,5.311123,4.124418,3.708624,0.274741,-0.536909,-0.542791,6.256318
0.020000,5.316401,4.124280,3.713903,0.263957,-0.539207,-0.114880,6.257890
0.020000,5.321466,4.124156,3.718970,0.253357,-0.529993,0.460675,6.259400
0.020000,5.326325,4.124044,3.723829,0.242976,-0.519066,0.546378,6.260850
0.020000,5.330980,4.123943,3.728486,0.232808,-0.508404,0.533070,6.262242
0.020000,5.335436,4.123853,3.732943,0.222854,-0.497707,0.534849,6.263576
0.020000,5.339697,4.123772,3.737205,0.213114,-0.486976,0.536555,6.264853
0.020000,5.343768,4.123700,3.741277,0.203590,-0.476213,0.538186,6.266074
0.020000,5.347654,4.123635,3.745162,0.194282,-0.465418,0.539742,6.267241
0.020000,5.351357,4.123578,3.748866,0.185190,-0.454593,0.541223,6.268355
0.020000,5.354883,4.123528,3.752393,0.176315,-0.443741,0.542627,6.269416
0.020000,5.358236,4.123483,3.755746,0.167658,-0.432862,0.543955,6.270426
0.020000,5.361420,4.123444,3.758930,0.159208,-0.422511,0.517507,6.271386
0.020000,5.364439,4.123410,3.761949,0.150981,-0.411313,0.559923,6.272297
0.020000,5.367298,4.123380,3.764809,0.142977,-0.400205,0.555386,6.273160
0.020000,5.370002,4.123354,3.767513,0.135183,-0.389712,0.524643,6.273977
0.020000,5.372554,4.123332,3.770065,0.127604,-0.378946,0.538302,6.274748
0.020000,5.374959,4.123312,3.772470,0.120257,-0.367361,0.579263,6.275476
0.020000,5.377221,4.123296,3.774732,0.113103,-0.357701,0.482997,6.276161
0.020000,5.379345,4.123281,3.776856,0.106194,-0.345445,0.612803,6.276804
0.020000,5.381334,4.123269,3.778845,0.099477,-0.335828,0.480836,6.277407
0.020000,5.383194,4.123259,3.780705,0.093003,-0.323694,0.606694,6.277971
0.020000,5.384929,4.123250,3.782440,0.086724,-0.313997,0.484896,6.278497
0.020000,5.386542,4.123243,3.784054,0.080680,-0.302154,0.592112,6.278987
0.020000,5.388039,4.123237,3.785551,0.074851,-0.291487,0.533349,6.279441
0.020000,5.389424,4.123232,3.786935,0.069230,-0.281057,0.521506,6.279862
0.020000,5.390701,4.123228,3.788212,0.063841,-0.269434,0.581163,6.280250
0.020000,5.391874,4.123225,3.789385,0.058669,-0.258579,0.542741,6.280606
0.020000,5.392948,4.123223,3.790459,0.053700,-0.248475,0.505218,6.280933
0.020000,5.393927,4.123221,3.791439,0.048965,-0.236755,0.586014,6.281230
0.020000,5.394816,4.123219,3.792328,0.044447,-0.225866,0.544444,6.281501
0.020000,5.395619,4.123218,3.793131,0.040148,-0.214967,0.544907,6.281745
0.020000,5.396341,4.123217,3.793852,0.036063,-0.204229,0.536936,6.281964
0.020000,5.396985,4.123216,3.794496,0.032195,-0.193447,0.539112,6.282160
0.020000,5.397556,4.123215,3.795067,0.028551,-0.182173,0.563680,6.282334
0.020000,5.398058,4.123215,3.795569,0.025126,-0.171249,0.546193,6.282487
0.020000,5.398496,4.123215,3.796008,0.021920,-0.160320,0.546462,6.282620
0.020000,5.398875,4.123215,3.796386,0.018932,-0.149386,0.546697,6.282736
0.020000,5.399198,4.123214,3.796710,0.016163,-0.138448,0.546902,6.282834
0.020000,5.399471,4.123214,3.796982,0.013613,-0.127506,0.547078,6.282917
0.020000,5.399696,4.123214,3.797207,0.011282,-0.116562,0.547228,6.282986
0.020000,5.399880,4.123214,3.797391,0.009169,-0.105615,0.547353,6.283042
0.020000,5.400025,4.123214,3.797536,0.007276,-0.094666,0.547456,6.283086
0.020000,5.400137,4.123214,3.797648,0.005602,-0.083715,0.547539,6.283120
0.020000,5.400220,4.123214,3.797731,0.004146,-0.072763,0.547603,6.283145
0.020000,5.400278,4.123214,3.797789,0.002910,-0.061810,0.547652,6.283163
0.020000,5.400316,4.123214,3.797827,0.001893,-0.050856,0.547688,6.283174
0.020000,5.400338,4.123214,3.797849,0.001095,-0.039902,0.547712,6.283181
0.020000,5.400348,4.123214,3.797860,0.000516,-0.028947,0.547727,6.283184
0.020000,5.400352,4.123214,3.797863,0.000156,-0.017992,0.547735,6.283185
0.020000,5.400352,4.123214,3.797863,0.000016,-0.007038,0.547739,6.283185
0.020000,5.400352,4.123214,3.797863,0.000000,-0.000780,0.312875,6.283185
